participant_id,group,module,tips,question_type,question_text,response
baseline003,baseline,interest_generation,"兴趣驱动,提升学习兴趣",advantage,Is the Interest-based Generation Module helpful to you? What advantages do you think it has?,"Yes, he allows me to learn from web pages related to topics that interest me, which makes the learning process more enjoyable for me"
baseline001,baseline,interest_generation,"兴趣驱动,提升学习兴趣,内容丰富",advantage,Is the Interest-based Generation Module helpful to you? What advantages do you think it has?,"If I can see the content I want to learn, it can make me more interested. For example, I really like kittens, and there are pet-themed websites here."
exp004,exp,interest_generation,"兴趣驱动,提升学习兴趣,个性化学习,选择自由,内容丰富,创意设计",advantage,Is the Interest-based Generation Module helpful to you? What advantages do you think it has?,"I find it helpful as this module provides multiple options, allowing me to choose content that interests me for learning. I believe this format enhances my learning interest. Compared to other monotonous content, I prefer this approach because it boosts my engagement and motivation to learn."
exp003,exp,interest_generation,"兴趣驱动,提升学习兴趣",advantage,Is the Interest-based Generation Module helpful to you? What advantages do you think it has?,I think it is great to be able to study what I like based on my different interests. This can greatly stimulate my interest in learning.
baseline007,baseline,interest_generation,"内容丰富,创意设计",advantage,Is the Interest-based Generation Module helpful to you? What advantages do you think it has?,"Yes,it is helpful to me.The content of the webpage is very rich.The explanation of the knowledge points is very detailed.The AI teaching assistant on the right side of the webpage is very creative"
baseline008,baseline,interest_generation,,advantage,Is the Interest-based Generation Module helpful to you? What advantages do you think it has?,"yes,you can study according to your own situation."
baseline009,baseline,interest_generation,创意设计,advantage,Is the Interest-based Generation Module helpful to you? What advantages do you think it has?,"Firstly, it is helpful to me. Its sample code allows me to quickly understand the meaning of the article and makes it convenient for me to write code."
baseline004,baseline,interest_generation,,advantage,Is the Interest-based Generation Module helpful to you? What advantages do you think it has?,有帮助。优势是直观，内容有趣
baseline005,baseline,interest_generation,"兴趣驱动,提升学习兴趣",advantage,Is the Interest-based Generation Module helpful to you? What advantages do you think it has?,"I think the page is okay, but I can't really say it has any advantages, it's just like most pages"
exp009,exp,interest_generation,,advantage,Is the Interest-based Generation Module helpful to you? What advantages do you think it has?,A little? I don't know since I didn't finish mine.
exp015,exp,interest_generation,"兴趣驱动,提升学习兴趣,个性化学习,选择自由,内容丰富",advantage,Is the Interest-based Generation Module helpful to you? What advantages do you think it has?,"Yes.Helps align content with my personal interests, which increases engagement."
exp007,exp,interest_generation,创意设计,advantage,Is the Interest-based Generation Module helpful to you? What advantages do you think it has?,helpful
exp00121,exp,interest_generation,"个性化学习,选择自由",advantage,Is the Interest-based Generation Module helpful to you? What advantages do you think it has?,It helps. It has a higher degree of freedom.
exp0010,exp,interest_generation,,advantage,Is the Interest-based Generation Module helpful to you? What advantages do you think it has?,It looks very intuitive
exp0014,exp,interest_generation,"兴趣驱动,提升学习兴趣,个性化学习,选择自由,内容丰富,创意设计",advantage,Is the Interest-based Generation Module helpful to you? What advantages do you think it has?,"Yes, it is helpful. It allows me to receive outputs that are more closely aligned with my personal preferences and learning interests. It increases engagement and makes the content feel more relevant."
baseline0011,baseline,interest_generation,"个性化学习,选择自由",advantage,Is the Interest-based Generation Module helpful to you? What advantages do you think it has?,I feel very free to choose what I want to learn at my own discretion.
baseline0012,baseline,interest_generation,"个性化学习,选择自由",advantage,Is the Interest-based Generation Module helpful to you? What advantages do you think it has?,"Yes, because I can freely choose what I want to learn."
baseline006,baseline,interest_generation,"兴趣驱动,提升学习兴趣",advantage,Is the Interest-based Generation Module helpful to you? What advantages do you think it has?,"Yes, generate interest and learn about the front-end"
baseline0013,baseline,interest_generation,,advantage,Is the Interest-based Generation Module helpful to you? What advantages do you think it has?,none
baseline0010,baseline,interest_generation,,advantage,Is the Interest-based Generation Module helpful to you? What advantages do you think it has?,It allows me to know the approximate effect of the finished product
exp005,exp,interest_generation,创意设计,advantage,Is the Interest-based Generation Module helpful to you? What advantages do you think it has?,It is somewhat helpful and can to some extent determine the direction of one’s learning in web design.
exp006,exp,interest_generation,,advantage,Is the Interest-based Generation Module helpful to you? What advantages do you think it has?,"No help,I think it complex."
exp0013,exp,interest_generation,,advantage,Is the Interest-based Generation Module helpful to you? What advantages do you think it has?,I think it's very good and it taught me how to get started with HTML.
baseline003,baseline,interest_generation,"使用复杂性,无困难",difficulty,Did you have difficulties when using the Interest-based Generation Module? What disadvantages do you think it has?,No difficulties encountered
baseline001,baseline,interest_generation,无困难,difficulty,Did you have difficulties when using the Interest-based Generation Module? What disadvantages do you think it has?,No
exp004,exp,interest_generation,"性能问题,使用复杂性,无困难",difficulty,Did you have difficulties when using the Interest-based Generation Module? What disadvantages do you think it has?,"There are basically no difficulties. The usage is very simple and the effectiveness is excellent, but the response speed still needs improvement."
exp003,exp,interest_generation,无困难,difficulty,Did you have difficulties when using the Interest-based Generation Module? What disadvantages do you think it has?,No
baseline007,baseline,interest_generation,"界面布局问题,使用复杂性,无困难",difficulty,Did you have difficulties when using the Interest-based Generation Module? What disadvantages do you think it has?,"Yes,I have encountered difficulties before.The webpage has too many elements and is too crowded, which is very unfriendly to low resolution and small screen computers. The design of the knowledge point display module is not very user-friendly. When I place my mouse over it, the content of the module automatically floats up; After moving the mouse, the module content automatically sinks, which makes it difficult for me to focus on reading the knowledge points."
baseline008,baseline,interest_generation,,difficulty,Did you have difficulties when using the Interest-based Generation Module? What disadvantages do you think it has?,"yes,It is impossible to review the key concepts while coding."
baseline009,baseline,interest_generation,"使用复杂性,无困难",difficulty,Did you have difficulties when using the Interest-based Generation Module? What disadvantages do you think it has?,"No difficulties encountered, overall simple and easy to use."
baseline004,baseline,interest_generation,,difficulty,Did you have difficulties when using the Interest-based Generation Module? What disadvantages do you think it has?,代码太长时滑动查看代码不方便
baseline005,baseline,interest_generation,"代码显示问题,使用复杂性,无困难",difficulty,Did you have difficulties when using the Interest-based Generation Module? What disadvantages do you think it has?,"There are no major problems, but there are some minor flaws. In the sample code, if the code is very long, it will be very troublesome to move the text box, and it will be difficult to view."
exp009,exp,interest_generation,"使用复杂性,无困难",difficulty,Did you have difficulties when using the Interest-based Generation Module? What disadvantages do you think it has?,No difficulties. It could be a good part but I didn't use all of it and would say nothing on that.
exp015,exp,interest_generation,,difficulty,Did you have difficulties when using the Interest-based Generation Module? What disadvantages do you think it has?,Quality of suggestions depends heavily on accurate interest detection.
exp007,exp,interest_generation,"使用复杂性,无困难",difficulty,Did you have difficulties when using the Interest-based Generation Module? What disadvantages do you think it has?,"no difficulties encountered, it helps to find everything I forgot"
exp00121,exp,interest_generation,性能问题,difficulty,Did you have difficulties when using the Interest-based Generation Module? What disadvantages do you think it has?,Slow loading or loading failure
exp0010,exp,interest_generation,,difficulty,Did you have difficulties when using the Interest-based Generation Module? What disadvantages do you think it has?,Too little interactive content
exp0014,exp,interest_generation,,difficulty,Did you have difficulties when using the Interest-based Generation Module? What disadvantages do you think it has?,"Sometimes the recommendations can become too narrow, which may limit exposure to new perspectives. In addition, the module may require some time to “learn” my interests accurately."
baseline0011,baseline,interest_generation,无困难,difficulty,Did you have difficulties when using the Interest-based Generation Module? What disadvantages do you think it has?,No
baseline0012,baseline,interest_generation,无困难,difficulty,Did you have difficulties when using the Interest-based Generation Module? What disadvantages do you think it has?,no
baseline006,baseline,interest_generation,无困难,difficulty,Did you have difficulties when using the Interest-based Generation Module? What disadvantages do you think it has?,"Yes, I'm not very familiar with HTML, CSS, and JS, but I don't think they have any shortcomings"
baseline0013,baseline,interest_generation,无困难,difficulty,Did you have difficulties when using the Interest-based Generation Module? What disadvantages do you think it has?,none
baseline0010,baseline,interest_generation,无困难,difficulty,Did you have difficulties when using the Interest-based Generation Module? What disadvantages do you think it has?,No
exp005,exp,interest_generation,无困难,difficulty,Did you have difficulties when using the Interest-based Generation Module? What disadvantages do you think it has?,there is not
exp006,exp,interest_generation,无困难,difficulty,Did you have difficulties when using the Interest-based Generation Module? What disadvantages do you think it has?,Sometimes the search function cannot be used
exp0013,exp,interest_generation,使用复杂性,difficulty,Did you have difficulties when using the Interest-based Generation Module? What disadvantages do you think it has?,I haven't encountered any difficulties.
baseline003,baseline,interest_generation,,suggestion,What suggestions do you have to improve the Interest-based Generation Module?  ,"I hope to be able to choose which features to generate, which features to remove, and allow me to personalize the description of the effects I want to generate"
baseline001,baseline,interest_generation,"增加选项,难度调节",suggestion,What suggestions do you have to improve the Interest-based Generation Module?  ,"It would be better to have more options, and then you can adjust the difficulty."
exp004,exp,interest_generation,增加选项,suggestion,What suggestions do you have to improve the Interest-based Generation Module?  ,"I think the range of topics provided could be further expanded, or users could be allowed to input topics freely to enhance flexibility."
exp003,exp,interest_generation,,suggestion,What suggestions do you have to improve the Interest-based Generation Module?  ,"I think we can add more interest modules for us to choose from, but it would be better if we can manually input our own interests and then generate corresponding topics based on these interests."
baseline007,baseline,interest_generation,,suggestion,What suggestions do you have to improve the Interest-based Generation Module?  ,Do not let the content of the knowledge point display module automatically float up and down. Simplify the content appropriately and avoid making the entire page appear so crowded.
baseline008,baseline,interest_generation,代码功能,suggestion,What suggestions do you have to improve the Interest-based Generation Module?  ,Add a module for example code.
baseline009,baseline,interest_generation,代码功能,suggestion,What suggestions do you have to improve the Interest-based Generation Module?  ,"A page contains three parts: articles, sample code, and knowledge points display, which looks a bit crowded. Especially the knowledge points display, with abundant content but occupying less than a third of the page area, it requires me to scroll the side scrollbar repeatedly, which is very wearing on my patience. I suggest displaying the most important knowledge points on a separate page and increasing the font size appropriately."
baseline004,baseline,interest_generation,,suggestion,What suggestions do you have to improve the Interest-based Generation Module?  ,可以把代码区域改成自动换行显示，或者增加一键复制按钮和折叠，这样就不用来回拖动查看了。
baseline005,baseline,interest_generation,代码功能,suggestion,What suggestions do you have to improve the Interest-based Generation Module?  ,"In the example part of the knowledge point, it would be better if you could format the sample code or show the web page effect corresponding to the code."
exp009,exp,interest_generation,,suggestion,What suggestions do you have to improve the Interest-based Generation Module?  ,I don't have.
exp015,exp,interest_generation,,suggestion,What suggestions do you have to improve the Interest-based Generation Module?  ,Provide transparency: explain why a topic was recommended.
exp007,exp,interest_generation,,suggestion,What suggestions do you have to improve the Interest-based Generation Module?  ,show less about how I progress
exp00121,exp,interest_generation,性能优化,suggestion,What suggestions do you have to improve the Interest-based Generation Module?  ,Optimize running speed
exp0010,exp,interest_generation,,suggestion,What suggestions do you have to improve the Interest-based Generation Module?  ,Increase more interaction
exp0014,exp,interest_generation,难度调节,suggestion,What suggestions do you have to improve the Interest-based Generation Module?  ,"I suggest adding options to adjust the balance between “personalized” and “exploratory” content, so users can control how much novelty they want. Transparency about why certain outputs are generated would also be useful."
baseline0011,baseline,interest_generation,,suggestion,What suggestions do you have to improve the Interest-based Generation Module?  ,No
baseline0012,baseline,interest_generation,,suggestion,What suggestions do you have to improve the Interest-based Generation Module?  ,no
baseline006,baseline,interest_generation,代码功能,suggestion,What suggestions do you have to improve the Interest-based Generation Module?  ,"It's best to have HTML, CSS, JS, templates for changes, and intuitive understanding of methods for font, color, and other transformations, which is beneficial for beginners"
baseline0013,baseline,interest_generation,,suggestion,What suggestions do you have to improve the Interest-based Generation Module?  ,none
baseline0010,baseline,interest_generation,难度调节,suggestion,What suggestions do you have to improve the Interest-based Generation Module?  ,Add the ability to freely adjust the size
exp005,exp,interest_generation,界面优化,suggestion,What suggestions do you have to improve the Interest-based Generation Module?  ,Different examples can be designed in different directions.
exp006,exp,interest_generation,,suggestion,What suggestions do you have to improve the Interest-based Generation Module?  ,Can we upgrade the AI function
exp0013,exp,interest_generation,界面优化,suggestion,What suggestions do you have to improve the Interest-based Generation Module?  ,"I think the layout of the page could be improved. For instance, the ""Open Sample Page Exploration"" section on the homepage could occupy the entire left part. After this module is displayed, then sliding down, it could be the ""Progressive Knowledge Point Presentation"" module. In this way, each module's specific page won't appear so cramped."
exp004,exp,open_exploration,"自由探索,创造性思维,实践理解",advantage,Is the Open-ended Exploration Module helpful to you? What advantages do you think it has?,"I think this module allows me to freely choose the elements I want to learn, and the element labels and code are displayed, which helps me better understand their implementation. I also like the knowledge graph in this module, which allows me to jump around freely. However, my favorite thing is the degree of freedom it provides."
exp003,exp,open_exploration,实践理解,advantage,Is the Open-ended Exploration Module helpful to you? What advantages do you think it has?,"By grabbing elements in this way, I can understand more clearly how this element is used in practice and where it should be placed. In addition, I can switch to view the elements of knowledge points that I have learned before, which is very helpful when I forget."
exp009,exp,open_exploration,新手友好,advantage,Is the Open-ended Exploration Module helpful to you? What advantages do you think it has?,Yes. A beginner like me could know what code is.
exp015,exp,open_exploration,"自由探索,创造性思维",advantage,Is the Open-ended Exploration Module helpful to you? What advantages do you think it has?,Yes.Promotes creativity and critical thinking through unconstrained exploration.
exp007,exp,open_exploration,实践理解,advantage,Is the Open-ended Exploration Module helpful to you? What advantages do you think it has?,"yes, it helps understanding grammar"
exp00121,exp,open_exploration,,advantage,Is the Open-ended Exploration Module helpful to you? What advantages do you think it has?,"Yes, it can be freely selected"
exp0010,exp,open_exploration,新手友好,advantage,Is the Open-ended Exploration Module helpful to you? What advantages do you think it has?,It looks very intuitive
exp0014,exp,open_exploration,"自由探索,创造性思维",advantage,Is the Open-ended Exploration Module helpful to you? What advantages do you think it has?,"Yes, it is very helpful. It encourages creativity, critical thinking, and the exploration of topics beyond a fixed scope. It is flexible and fosters curiosity-driven learning."
baseline0011,baseline,open_exploration,,advantage,Is the Open-ended Exploration Module helpful to you? What advantages do you think it has?,A little
baseline0013,baseline,open_exploration,,advantage,Is the Open-ended Exploration Module helpful to you? What advantages do you think it has?,"In general, you can see the finished product effect."
baseline0010,baseline,open_exploration,,advantage,Is the Open-ended Exploration Module helpful to you? What advantages do you think it has?,"Yes, but not many"
exp005,exp,open_exploration,实践理解,advantage,Is the Open-ended Exploration Module helpful to you? What advantages do you think it has?,It is somewhat helpful and can simply check the implementation principles of certain parts of the website.
exp006,exp,open_exploration,,advantage,Is the Open-ended Exploration Module helpful to you? What advantages do you think it has?,Can help me make clearer choices about the level of difficulty
exp0013,exp,open_exploration,实践理解,advantage,Is the Open-ended Exploration Module helpful to you? What advantages do you think it has?,It is helpful to understand what kind of code constitutes what kind of image.
exp004,exp,open_exploration,功能限制,difficulty,Did you have difficulties when using the Open-ended Exploration Module? What disadvantages do you think it has?,"I didn't encounter any issues while using it. The only drawback I noticed was the lack of CSS styling and JS node selection. However, the module does offer a feature that unlocks previously learned node elements, allowing users to select elements from previous lessons in other nodes. I think this is a very well-designed feature."
exp003,exp,open_exploration,,difficulty,Did you have difficulties when using the Open-ended Exploration Module? What disadvantages do you think it has?,No
exp009,exp,open_exploration,显示尺寸问题,difficulty,Did you have difficulties when using the Open-ended Exploration Module? What disadvantages do you think it has?,No difficulties. No disadvantages to me.
exp007,exp,open_exploration,显示尺寸问题,difficulty,Did you have difficulties when using the Open-ended Exploration Module? What disadvantages do you think it has?,"windows are too small, maybe there are other ways to do the job"
exp00121,exp,open_exploration,显示尺寸问题,difficulty,Did you have difficulties when using the Open-ended Exploration Module? What disadvantages do you think it has?,Small selection range
exp0010,exp,open_exploration,,difficulty,Did you have difficulties when using the Open-ended Exploration Module? What disadvantages do you think it has?,no
exp0014,exp,open_exploration,缺乏指导,difficulty,Did you have difficulties when using the Open-ended Exploration Module? What disadvantages do you think it has?,"Sometimes it provides results that are too broad or unfocused, which can make it harder to extract concrete conclusions. It may also require more guidance for beginners."
baseline0011,baseline,open_exploration,,difficulty,Did you have difficulties when using the Open-ended Exploration Module? What disadvantages do you think it has?,No
baseline0013,baseline,open_exploration,,difficulty,Did you have difficulties when using the Open-ended Exploration Module? What disadvantages do you think it has?,You will hardly notice the display interface during the process.
baseline0010,baseline,open_exploration,显示尺寸问题,difficulty,Did you have difficulties when using the Open-ended Exploration Module? What disadvantages do you think it has?,Too small to read
exp005,exp,open_exploration,,difficulty,Did you have difficulties when using the Open-ended Exploration Module? What disadvantages do you think it has?,The objects that can be selected at the beginning are not clear.
exp006,exp,open_exploration,,difficulty,Did you have difficulties when using the Open-ended Exploration Module? What disadvantages do you think it has?,AI cannot understand my question
exp0013,exp,open_exploration,显示尺寸问题,difficulty,Did you have difficulties when using the Open-ended Exploration Module? What disadvantages do you think it has?,There were no difficulties encountered.
exp004,exp,open_exploration,,suggestion,What suggestions do you have to improve the Open-ended Exploration Module?  ,"I think this module only needs to expand the selection of node elements, allowing the choice of CSS and JS."
exp003,exp,open_exploration,,suggestion,What suggestions do you have to improve the Open-ended Exploration Module?  ,No
exp009,exp,open_exploration,专业性提升,suggestion,What suggestions do you have to improve the Open-ended Exploration Module?  ,It could be more professional.
exp007,exp,open_exploration,,suggestion,What suggestions do you have to improve the Open-ended Exploration Module?  ,no
exp00121,exp,open_exploration,,suggestion,What suggestions do you have to improve the Open-ended Exploration Module?  ,Increase selection
exp0010,exp,open_exploration,,suggestion,What suggestions do you have to improve the Open-ended Exploration Module?  ,It looks very intuitive
exp0014,exp,open_exploration,增加指导,suggestion,What suggestions do you have to improve the Open-ended Exploration Module?  ,Providing a structured option (like suggested directions or focus areas) could make exploration more efficient while still keeping it open-ended.
baseline0011,baseline,open_exploration,,suggestion,What suggestions do you have to improve the Open-ended Exploration Module?  ,No
baseline0013,baseline,open_exploration,界面改进,suggestion,What suggestions do you have to improve the Open-ended Exploration Module?  ,Increase some interaction with the display interface.
baseline0010,baseline,open_exploration,界面改进,suggestion,What suggestions do you have to improve the Open-ended Exploration Module?  ,Allow this module to be dragged and resized for easier reading
exp005,exp,open_exploration,增加指导,suggestion,What suggestions do you have to improve the Open-ended Exploration Module?  ,Provide appropriate guiding effects such as highlighting optional elements according to the chapters.
exp006,exp,open_exploration,,suggestion,What suggestions do you have to improve the Open-ended Exploration Module?  ,It's best to be able to return independently
exp0013,exp,open_exploration,,suggestion,What suggestions do you have to improve the Open-ended Exploration Module?  ,The page is still a bit small and it doesn't look very comfortable.
exp004,exp,progressive_unfolding,"循序渐进,分步学习",advantage,Is the Progressive Knowledge Unfolding Module helpful to you? What advantages do you think it has?,"This progressive knowledge expansion module consists of four levels of knowledge cards, with content difficulty increasing gradually. I believe it can effectively assist me in learning."
exp003,exp,progressive_unfolding,降低认知负荷,advantage,Is the Progressive Knowledge Unfolding Module helpful to you? What advantages do you think it has?,"Learning incrementally like this has reduced my cognitive load, which is great."
exp009,exp,progressive_unfolding,降低认知负荷,advantage,Is the Progressive Knowledge Unfolding Module helpful to you? What advantages do you think it has?,"Yes. 1. Each section has different functions, and the progression of difficulty is appropriate. 2. Easy to use."
exp015,exp,progressive_unfolding,复杂概念理解,advantage,Is the Progressive Knowledge Unfolding Module helpful to you? What advantages do you think it has?,Yes.Supports step-by-step understanding of complex topics.
exp007,exp,progressive_unfolding,"循序渐进,分步学习",advantage,Is the Progressive Knowledge Unfolding Module helpful to you? What advantages do you think it has?,"yes, it teaches me step by step"
exp00121,exp,progressive_unfolding,"循序渐进,分步学习",advantage,Is the Progressive Knowledge Unfolding Module helpful to you? What advantages do you think it has?,"Yes, the advantage is that it is gradual"
exp0010,exp,progressive_unfolding,,advantage,Is the Progressive Knowledge Unfolding Module helpful to you? What advantages do you think it has?,Help me learn knowledge
exp0014,exp,progressive_unfolding,"循序渐进,分步学习,复杂概念理解",advantage,Is the Progressive Knowledge Unfolding Module helpful to you? What advantages do you think it has?,"Yes, it is very helpful. It breaks down complex knowledge into manageable steps, making it easier to understand and retain. It supports gradual and logical learning."
baseline0013,baseline,progressive_unfolding,,advantage,Is the Progressive Knowledge Unfolding Module helpful to you? What advantages do you think it has?,there are some，No need to look up information.
baseline0010,baseline,progressive_unfolding,,advantage,Is the Progressive Knowledge Unfolding Module helpful to you? What advantages do you think it has?,Let me know what knowledge points are in this part
exp005,exp,progressive_unfolding,,advantage,Is the Progressive Knowledge Unfolding Module helpful to you? What advantages do you think it has?,Not much help
exp006,exp,progressive_unfolding,,advantage,Is the Progressive Knowledge Unfolding Module helpful to you? What advantages do you think it has?,Can clearly to know how to use HTML
exp0013,exp,progressive_unfolding,复杂概念理解,advantage,Is the Progressive Knowledge Unfolding Module helpful to you? What advantages do you think it has?,It's good. It helped me understand some basic concepts.
exp004,exp,progressive_unfolding,,difficulty,Did you have difficulties when using the Progressive Knowledge Unfolding Module?What disadvantages do you think it has?,"I don't think there are any issues with the usability, and the interaction is quite comfortable. In terms of drawbacks, I believe the content in the progressive expansion could be more concise."
exp003,exp,progressive_unfolding,,difficulty,Did you have difficulties when using the Progressive Knowledge Unfolding Module?What disadvantages do you think it has?,No
exp009,exp,progressive_unfolding,,difficulty,Did you have difficulties when using the Progressive Knowledge Unfolding Module?What disadvantages do you think it has?,No difficulties. No disadvantages to me.
exp015,exp,progressive_unfolding,,difficulty,Did you have difficulties when using the Progressive Knowledge Unfolding Module?What disadvantages do you think it has?,No I didn't.
exp007,exp,progressive_unfolding,,difficulty,Did you have difficulties when using the Progressive Knowledge Unfolding Module?What disadvantages do you think it has?,no
exp00121,exp,progressive_unfolding,技术问题,difficulty,Did you have difficulties when using the Progressive Knowledge Unfolding Module?What disadvantages do you think it has?,Easy to fail to load
exp0010,exp,progressive_unfolding,,difficulty,Did you have difficulties when using the Progressive Knowledge Unfolding Module?What disadvantages do you think it has?,no
exp0014,exp,progressive_unfolding,进度问题,difficulty,Did you have difficulties when using the Progressive Knowledge Unfolding Module?What disadvantages do you think it has?,"The pace may sometimes feel too slow for advanced users, and it might oversimplify certain topics."
baseline0013,baseline,progressive_unfolding,界面布局问题,difficulty,Did you have difficulties when using the Progressive Knowledge Unfolding Module?What disadvantages do you think it has?,"The knowledge interface is too compact, making it uncomfortable to view."
baseline0010,baseline,progressive_unfolding,,difficulty,Did you have difficulties when using the Progressive Knowledge Unfolding Module?What disadvantages do you think it has?,"The text is very long and has few paragraphs, making it difficult to read."
exp005,exp,progressive_unfolding,,difficulty,Did you have difficulties when using the Progressive Knowledge Unfolding Module?What disadvantages do you think it has?,No
exp006,exp,progressive_unfolding,,difficulty,Did you have difficulties when using the Progressive Knowledge Unfolding Module?What disadvantages do you think it has?,Ask a single question and AI will directly provide thr entire code
exp0013,exp,progressive_unfolding,,difficulty,Did you have difficulties when using the Progressive Knowledge Unfolding Module?What disadvantages do you think it has?,No difficulties were encountered.
exp004,exp,progressive_unfolding,内容优化,suggestion,What suggestions do you have to improve the  Progressive Knowledge Unfolding Module ?  ,"As for improving the progressive knowledge expansion module, I believe the content could be further streamlined."
exp003,exp,progressive_unfolding,,suggestion,What suggestions do you have to improve the  Progressive Knowledge Unfolding Module ?  ,No
exp009,exp,progressive_unfolding,,suggestion,What suggestions do you have to improve the  Progressive Knowledge Unfolding Module ?  ,Network lag should be solved.
exp015,exp,progressive_unfolding,个性化进度,suggestion,What suggestions do you have to improve the  Progressive Knowledge Unfolding Module ?  ,Enhance personalization with dynamic pacing.
exp007,exp,progressive_unfolding,,suggestion,What suggestions do you have to improve the  Progressive Knowledge Unfolding Module ?  ,no
exp00121,exp,progressive_unfolding,性能优化,suggestion,What suggestions do you have to improve the  Progressive Knowledge Unfolding Module ?  ,Optimize loading
exp0010,exp,progressive_unfolding,,suggestion,What suggestions do you have to improve the  Progressive Knowledge Unfolding Module ?  ,no
exp0014,exp,progressive_unfolding,个性化进度,suggestion,What suggestions do you have to improve the  Progressive Knowledge Unfolding Module ?  ,"Allow users to choose their own learning depth and speed, for example by providing “basic,” “intermediate,” and “advanced” modes."
baseline0013,baseline,progressive_unfolding,,suggestion,What suggestions do you have to improve the  Progressive Knowledge Unfolding Module ?  ,"Provide separate displays for each knowledge point, instead of putting all knowledge points in one document."
baseline0010,baseline,progressive_unfolding,内容优化,suggestion,What suggestions do you have to improve the  Progressive Knowledge Unfolding Module ?  ,Optimize segmentation to make it more concise
exp005,exp,progressive_unfolding,,suggestion,What suggestions do you have to improve the  Progressive Knowledge Unfolding Module ?  ,"The gradual knowledge expansion modules for learning should make corresponding changes in conjunction with the learning chapters, clearly defining specific learning content. For example, for level 1, tags should be added at least on the section such as <title><h2>. Particularly, changes in the chapter titles that are not very noticeable in the upper left corner should be highlighted; otherwise, if you just look at the four levels written without delving into the text content and the different test questions, one might mistakenly think there is only this amount of content in this chapter."
exp006,exp,progressive_unfolding,,suggestion,What suggestions do you have to improve the  Progressive Knowledge Unfolding Module ?  ,Add a simplified version
exp0013,exp,progressive_unfolding,,suggestion,What suggestions do you have to improve the  Progressive Knowledge Unfolding Module ?  ,I suggest that the layout could be made more comfortable.
baseline003,baseline,programming_module,"实时预览,即时反馈,代码补全,智能辅助",advantage,Is the Programming Module  helpful to you? What advantages do you think it has?,"Helpful, this programming module is very intelligent and can help me fill in tags or attributes, and I can also immediately see the generated code effect. The user experience is very good!"
baseline001,baseline,programming_module,"实时预览,即时反馈,实践练习",advantage,Is the Programming Module  helpful to you? What advantages do you think it has?,"I think this design is great. After I finished learning it, I could immediately practice and found many problems that I thought I understood but actually didn't."
exp004,exp,programming_module,"实时预览,即时反馈,代码补全,智能辅助,错误检测",advantage,Is the Programming Module  helpful to you? What advantages do you think it has?,"I think this programming module is very well designed. It functions similarly to commonly used editors like VSCode and PyCharm, featuring code suggestions, static checks, shortcut keys, etc. Its advantage, in my opinion, lies in its flexibility of being embedded directly into web pages, along with the ability to instantly display front-end rendering results."
exp003,exp,programming_module,"实时预览,即时反馈,错误检测,实践练习",advantage,Is the Programming Module  helpful to you? What advantages do you think it has?,"It's great to be able to see the rendering effect in real time while writing code. The test questions are also of reasonable difficulty, and the error reports are very detailed."
baseline007,baseline,programming_module,"实时预览,即时反馈",advantage,Is the Programming Module  helpful to you? What advantages do you think it has?,"Yes,it is helpful.Online IDE allows for real-time preview of code results, making the written code what you see is what you get.Separating HTML, CSS, and javascript code can make learners pay more attention to code learning"
baseline008,baseline,programming_module,,advantage,Is the Programming Module  helpful to you? What advantages do you think it has?,"yes,the compilation module is diverse."
baseline009,baseline,programming_module,"代码补全,智能辅助,错误检测",advantage,Is the Programming Module  helpful to you? What advantages do you think it has?,Helpful. 1. It has word completion features 2. It can quickly evaluate the correctness of my code online and display my errors with multiple points
baseline004,baseline,programming_module,,advantage,Is the Programming Module  helpful to you? What advantages do you think it has?,有，查漏补缺能纠错小细节
baseline005,baseline,programming_module,,advantage,Is the Programming Module  helpful to you? What advantages do you think it has?,"Yes, it is really helpful to me. Compared with many programming modules, I think the most advantageous one is its clear introduction and the layout is not troublesome to read. Moreover, its multi-bit integrated compiler is very convenient to view."
exp009,exp,programming_module,错误检测,advantage,Is the Programming Module  helpful to you? What advantages do you think it has?,Yes. 1. Clear enough make it easily got my targets. 2. It checked my code and could tell me where I made mistakes.
exp015,exp,programming_module,,advantage,Is the Programming Module  helpful to you? What advantages do you think it has?,There is an inspiration button that can provide hints to help me learn programming.
exp007,exp,programming_module,实践练习,advantage,Is the Programming Module  helpful to you? What advantages do you think it has?,"yes, it can give me a test"
exp00121,exp,programming_module,"实时预览,即时反馈,错误检测",advantage,Is the Programming Module  helpful to you? What advantages do you think it has?,"Yes, you can check it in real time"
exp0010,exp,programming_module,,advantage,Is the Programming Module  helpful to you? What advantages do you think it has?,Programming is very convenient.
exp0014,exp,programming_module,,advantage,Is the Programming Module  helpful to you? What advantages do you think it has?,"Allow users to choose their own learning depth and speed, for example by providing “basic,” “intermediate,” and “advanced” modes."
baseline0011,baseline,programming_module,,advantage,Is the Programming Module  helpful to you? What advantages do you think it has?,It's very cool to be able to see the code you write rendered in real-time.
baseline006,baseline,programming_module,,advantage,Is the Programming Module  helpful to you? What advantages do you think it has?,"Yes, I have learned how to program and have gained a preliminary understanding of how to transform HTML into CSS"
baseline0013,baseline,programming_module,,advantage,Is the Programming Module  helpful to you? What advantages do you think it has?,just so so
baseline0010,baseline,programming_module,,advantage,Is the Programming Module  helpful to you? What advantages do you think it has?,I think it's pretty good
exp005,exp,programming_module,,advantage,Is the Programming Module  helpful to you? What advantages do you think it has?,"The programming module is quite helpful, as it definitely implements the auxiliary input function of programming software and has done color differentiation."
exp006,exp,programming_module,,advantage,Is the Programming Module  helpful to you? What advantages do you think it has?,Be able to clearly understand each stop
exp0013,exp,programming_module,"实时预览,即时反馈",advantage,Is the Programming Module  helpful to you? What advantages do you think it has?,I think it's great! It is possible to conduct immediate inspection and correction.
baseline003,baseline,programming_module,,difficulty,Did you have difficulties when using the Programming Module?What disadvantages do you think it has?,No difficulties encountered
baseline001,baseline,programming_module,代码辅助不完善,difficulty,Did you have difficulties when using the Programming Module?What disadvantages do you think it has?,"I found that the current code completion can only complete tags like <div>, but it actually also has the corresponding closing tag </div>, and the current programming modules can't help us complete this closing tag at the same time."
exp004,exp,programming_module,,difficulty,Did you have difficulties when using the Programming Module?What disadvantages do you think it has?,"I haven't encountered any difficulties while using it, and currently I don't see any drawbacks."
exp003,exp,programming_module,,difficulty,Did you have difficulties when using the Programming Module?What disadvantages do you think it has?,No
baseline007,baseline,programming_module,,difficulty,Did you have difficulties when using the Programming Module?What disadvantages do you think it has?,I don't think there are any shortcomings
baseline008,baseline,programming_module,,difficulty,Did you have difficulties when using the Programming Module?What disadvantages do you think it has?,"yes,sometimes the response speed is slow."
baseline009,baseline,programming_module,用户体验问题,difficulty,Did you have difficulties when using the Programming Module?What disadvantages do you think it has?,"During use, as a beginner, I often forget the fixed format and word spelling in the knowledge points display, frequently switching back and forth between the compiler and the knowledge points display, which is very inconvenient."
baseline004,baseline,programming_module,,difficulty,Did you have difficulties when using the Programming Module?What disadvantages do you think it has?,有，部分问题对于错误的定位不精准
baseline005,baseline,programming_module,测试问题,difficulty,Did you have difficulties when using the Programming Module?What disadvantages do you think it has?,"I encountered some problems in the chapter on check boxes and radio buttons in Module 3. The task description was not clear enough, and I think there were also some problems with the evaluation of the test results. You can see the details in the video I uploaded."
exp009,exp,programming_module,,difficulty,Did you have difficulties when using the Programming Module?What disadvantages do you think it has?,No. No.
exp015,exp,programming_module,,difficulty,Did you have difficulties when using the Programming Module?What disadvantages do you think it has?,"Technical glitches (e.g., execution environment issues) can interrupt flow."
exp007,exp,programming_module,,difficulty,Did you have difficulties when using the Programming Module?What disadvantages do you think it has?,no
exp00121,exp,programming_module,,difficulty,Did you have difficulties when using the Programming Module?What disadvantages do you think it has?,Easy to fail to load
exp0010,exp,programming_module,,difficulty,Did you have difficulties when using the Programming Module?What disadvantages do you think it has?,no
exp0014,exp,programming_module,,difficulty,Did you have difficulties when using the Programming Module?What disadvantages do you think it has?,"Sometimes the generated code may not be fully optimized or adapted to specific environments. In some cases, error handling is not detailed enough."
baseline0011,baseline,programming_module,,difficulty,Did you have difficulties when using the Programming Module?What disadvantages do you think it has?,No
baseline006,baseline,programming_module,,difficulty,Did you have difficulties when using the Programming Module?What disadvantages do you think it has?,"Yes, for beginners, it's a bit difficult to transform HTML and change it to CSS"
baseline0013,baseline,programming_module,,difficulty,Did you have difficulties when using the Programming Module?What disadvantages do you think it has?,Nonethere are little bugs
baseline0010,baseline,programming_module,,difficulty,Did you have difficulties when using the Programming Module?What disadvantages do you think it has?,No
exp005,exp,programming_module,,difficulty,Did you have difficulties when using the Programming Module?What disadvantages do you think it has?,"When encountering tags like <h1></h1>, the auxiliary input function has not been well implemented."
exp006,exp,programming_module,,difficulty,Did you have difficulties when using the Programming Module?What disadvantages do you think it has?,"I want to ask AI, AI is stuck"
exp0013,exp,programming_module,,difficulty,Did you have difficulties when using the Programming Module?What disadvantages do you think it has?,I didn't encounter any difficulties and didn't find any shortcomings.
baseline003,baseline,programming_module,,suggestion,What suggestions do you have to improve the Programming Module?  ,no
baseline001,baseline,programming_module,,suggestion,What suggestions do you have to improve the Programming Module?  ,"When I enter tags like <div>, it's best to also add the corresponding </div>."
exp004,exp,programming_module,文件管理,suggestion,What suggestions do you have to improve the Programming Module?  ,I think this programming module could also add a file tree to enable switching between multiple files.
exp003,exp,programming_module,,suggestion,What suggestions do you have to improve the Programming Module?  ,No
baseline007,baseline,programming_module,,suggestion,What suggestions do you have to improve the Programming Module?  ,No suggestion
baseline008,baseline,programming_module,,suggestion,What suggestions do you have to improve the Programming Module?  ,Increase response speed and error prompt information.
baseline009,baseline,programming_module,,suggestion,What suggestions do you have to improve the Programming Module?  ,It would be better if the compiler could remember my code instead of resetting it by switching pages.
baseline004,baseline,programming_module,,suggestion,What suggestions do you have to improve the Programming Module?  ,最好改进布局实现代码一边写，右边实时预览
baseline005,baseline,programming_module,,suggestion,What suggestions do you have to improve the Programming Module?  ,It would be better if the test requirements and test results could be optimized
exp009,exp,programming_module,,suggestion,What suggestions do you have to improve the Programming Module?  ,Good enough.
exp015,exp,programming_module,,suggestion,What suggestions do you have to improve the Programming Module?  ,Ensure robust sandboxing and smooth code execution.
exp007,exp,programming_module,,suggestion,What suggestions do you have to improve the Programming Module?  ,make minor adjustment to the text description
exp00121,exp,programming_module,,suggestion,What suggestions do you have to improve the Programming Module?  ,Optimize loading
exp0010,exp,programming_module,,suggestion,What suggestions do you have to improve the Programming Module?  ,no
exp0014,exp,programming_module,,suggestion,What suggestions do you have to improve the Programming Module?  ,Include more context-specific debugging guidance and provide alternative coding approaches. Integration with testing frameworks would also be valuable.
baseline0011,baseline,programming_module,,suggestion,What suggestions do you have to improve the Programming Module?  ,No
baseline006,baseline,programming_module,,suggestion,What suggestions do you have to improve the Programming Module?  ,"It's a bit difficult to transform HTML into CSS, and I hope to have an intuitive template"
baseline0010,baseline,programming_module,,suggestion,What suggestions do you have to improve the Programming Module?  ,No
exp005,exp,programming_module,,suggestion,What suggestions do you have to improve the Programming Module?  ,"So far, there haven't been any other issues encountered except for improving the label assistance input."
exp006,exp,programming_module,,suggestion,What suggestions do you have to improve the Programming Module?  ,Strengthen AI deep learning capabilities
exp0013,exp,programming_module,,suggestion,What suggestions do you have to improve the Programming Module?  ,There are no specific suggestions.
baseline003,baseline,ai_teaching_assistant,"引导式教学,耐心指导",advantage,Is the Al Teaching Assistant Module  helpful to you? What advantages do you think it has?,"Helpful, he introduced me to unfamiliar concepts very carefully based on my level, and instead of directly providing answers to questions, he gradually guided me and helped me understand the knowledge, which was very thoughtful"
baseline001,baseline,ai_teaching_assistant,便利性,advantage,Is the Al Teaching Assistant Module  helpful to you? What advantages do you think it has?,"There's one advantage, which is that there's an AI next to it, so I don't have to switch pages frequently"
exp004,exp,ai_teaching_assistant,"即时帮助,便利性",advantage,Is the Al Teaching Assistant Module  helpful to you? What advantages do you think it has?,"I believe the AI teaching assistant module can provide immediate answers to my difficulties and questions at any time. The advantage of this module, in my opinion, lies in the interoperability of chat histories between the learning page and the testing page, allowing me to revisit my previously asked questions whenever needed."
exp003,exp,ai_teaching_assistant,,advantage,Is the Al Teaching Assistant Module  helpful to you? What advantages do you think it has?,"When I don't understand something, I can ask it. It seems to know exactly what I'm not understanding, which is amazing. When I'm stuck on a test, the ""Give Me Ideas"" button is handy. When I'm feeling frustrated, it seems to sense my emotions, which is amazing."
baseline007,baseline,ai_teaching_assistant,,advantage,Is the Al Teaching Assistant Module  helpful to you? What advantages do you think it has?,Integrating AI is very creative and greatly helpful for learning
baseline008,baseline,ai_teaching_assistant,,advantage,Is the Al Teaching Assistant Module  helpful to you? What advantages do you think it has?,Yes，easy to browse.
baseline009,baseline,ai_teaching_assistant,"引导式教学,耐心指导",advantage,Is the Al Teaching Assistant Module  helpful to you? What advantages do you think it has?,"You answered my question very meticulously, even going so far as to guide me gently"
baseline004,baseline,ai_teaching_assistant,,advantage,Is the Al Teaching Assistant Module  helpful to you? What advantages do you think it has?,有，方便是引导学习而不是纯告诉答案
baseline005,baseline,ai_teaching_assistant,"即时帮助,便利性",advantage,Is the Al Teaching Assistant Module  helpful to you? What advantages do you think it has?,A very novel thing that can help programmers or learners learn front-end more conveniently. Adding AI to programming allows users to ask questions and solve problems anytime and anywhere without having to jump to other AI web pages.
exp009,exp,ai_teaching_assistant,,advantage,Is the Al Teaching Assistant Module  helpful to you? What advantages do you think it has?,A lot. I can ask all the questions I want to know quickly.
exp015,exp,ai_teaching_assistant,"引导式教学,耐心指导,即时帮助",advantage,Is the Al Teaching Assistant Module  helpful to you? What advantages do you think it has?,"Yes.Can act as a patient, always-available assistant.He won't directly tell me the answer but will guide me to complete the task step by step."
exp007,exp,ai_teaching_assistant,,advantage,Is the Al Teaching Assistant Module  helpful to you? What advantages do you think it has?,"yes, it knows everything"
exp00121,exp,ai_teaching_assistant,,advantage,Is the Al Teaching Assistant Module  helpful to you? What advantages do you think it has?,"Yes, you can ask questions in real time"
exp0010,exp,ai_teaching_assistant,,advantage,Is the Al Teaching Assistant Module  helpful to you? What advantages do you think it has?,Help me solve the problems I can't understand.
exp0014,exp,ai_teaching_assistant,即时帮助,advantage,Is the Al Teaching Assistant Module  helpful to you? What advantages do you think it has?,"Yes, it is very helpful. It offers instant explanations, personalized feedback, and learning support, which greatly enhance the learning experience."
baseline0011,baseline,ai_teaching_assistant,,advantage,Is the Al Teaching Assistant Module  helpful to you? What advantages do you think it has?,"When I don't know, I can ask AI, which resolves my confusion."
baseline006,baseline,ai_teaching_assistant,,advantage,Is the Al Teaching Assistant Module  helpful to you? What advantages do you think it has?,"Yes, it helps to learn programming and front-end knowledge"
baseline0013,baseline,ai_teaching_assistant,便利性,advantage,Is the Al Teaching Assistant Module  helpful to you? What advantages do you think it has?,"just so so,Asking questions is more convenient."
baseline0010,baseline,ai_teaching_assistant,,advantage,Is the Al Teaching Assistant Module  helpful to you? What advantages do you think it has?,"It is very easy to use, allowing me to check errors, organize knowledge points, etc."
exp005,exp,ai_teaching_assistant,,advantage,Is the Al Teaching Assistant Module  helpful to you? What advantages do you think it has?,"Very helpful, most general coding problems and Q&A functions can be well implemented."
exp006,exp,ai_teaching_assistant,,advantage,Is the Al Teaching Assistant Module  helpful to you? What advantages do you think it has?,A little help
exp0013,exp,ai_teaching_assistant,上下文感知,advantage,Is the Al Teaching Assistant Module  helpful to you? What advantages do you think it has?,"I think this is the best module! AI can detect the current code situation, make real-time analyses, and the analyses are very accurate. The teaching content is also very helpful, giving the impression of being a teacher."
baseline003,baseline,ai_teaching_assistant,交互不便,difficulty,Did you have difficulties when using the Al Teaching Assistant Module?What disadvantages do you think it has?,He cannot directly read the code I output in the compiler and the test results of the code. I need to manually copy it to him in order for him to help me analyze it. This experience is a bit troublesome
baseline001,baseline,ai_teaching_assistant,交互不便,difficulty,Did you have difficulties when using the Al Teaching Assistant Module?What disadvantages do you think it has?,"Everything requires me to copy and paste into this, making it difficult to use. It's no different from other AIs; basically, it's like I've opened a split screen and placed another AI next to it."
exp004,exp,ai_teaching_assistant,,difficulty,Did you have difficulties when using the Al Teaching Assistant Module?What disadvantages do you think it has?,"I haven't encountered any difficulties while using it, and find it very user-friendly. I don't see any significant drawbacks."
exp003,exp,ai_teaching_assistant,,difficulty,Did you have difficulties when using the Al Teaching Assistant Module?What disadvantages do you think it has?,No
baseline007,baseline,ai_teaching_assistant,响应速度慢,difficulty,Did you have difficulties when using the Al Teaching Assistant Module?What disadvantages do you think it has?,"The AI response speed is too slow, and there is no feedback during the AI response process, which can easily make users think that the program is stuck.The content answered by AI is very diverse, with code and textual descriptions mixed together"
baseline008,baseline,ai_teaching_assistant,,difficulty,Did you have difficulties when using the Al Teaching Assistant Module?What disadvantages do you think it has?,No
baseline009,baseline,ai_teaching_assistant,,difficulty,Did you have difficulties when using the Al Teaching Assistant Module?What disadvantages do you think it has?,Sometimes AI can't grasp the key point of my question
baseline004,baseline,ai_teaching_assistant,,difficulty,Did you have difficulties when using the Al Teaching Assistant Module?What disadvantages do you think it has?,无
baseline005,baseline,ai_teaching_assistant,,difficulty,Did you have difficulties when using the Al Teaching Assistant Module?What disadvantages do you think it has?,"I haven't encountered any difficulties yet, but maybe due to the settings, sometimes his answers are too long."
exp009,exp,ai_teaching_assistant,术语过于专业,difficulty,Did you have difficulties when using the Al Teaching Assistant Module?What disadvantages do you think it has?,Yes. Too many professional terminologys are beyond the understanding of a beginner like me.
exp015,exp,ai_teaching_assistant,回答不够精准,difficulty,Did you have difficulties when using the Al Teaching Assistant Module?What disadvantages do you think it has?,May sometimes misinterpret questions or provide overly generic answers.
exp007,exp,ai_teaching_assistant,,difficulty,Did you have difficulties when using the Al Teaching Assistant Module?What disadvantages do you think it has?,"no, show everything including answer"
exp00121,exp,ai_teaching_assistant,,difficulty,Did you have difficulties when using the Al Teaching Assistant Module?What disadvantages do you think it has?,Easy to fail to load
exp0010,exp,ai_teaching_assistant,响应速度慢,difficulty,Did you have difficulties when using the Al Teaching Assistant Module?What disadvantages do you think it has?,Response too slow
exp0014,exp,ai_teaching_assistant,回答不够精准,difficulty,Did you have difficulties when using the Al Teaching Assistant Module?What disadvantages do you think it has?,"At times, the explanations can be too general, and it may not always adapt perfectly to the learner’s prior knowledge."
baseline0011,baseline,ai_teaching_assistant,,difficulty,Did you have difficulties when using the Al Teaching Assistant Module?What disadvantages do you think it has?,No
baseline006,baseline,ai_teaching_assistant,,difficulty,Did you have difficulties when using the Al Teaching Assistant Module?What disadvantages do you think it has?,"Yes, it helps to learn programming and front-end knowledge"
baseline0013,baseline,ai_teaching_assistant,,difficulty,Did you have difficulties when using the Al Teaching Assistant Module?What disadvantages do you think it has?,"I don't understand the meaning of the question, it distorts my requirements, and it has too weak a presence; I hardly use it most of the time."
baseline0010,baseline,ai_teaching_assistant,,difficulty,Did you have difficulties when using the Al Teaching Assistant Module?What disadvantages do you think it has?,No
exp005,exp,ai_teaching_assistant,,difficulty,Did you have difficulties when using the Al Teaching Assistant Module?What disadvantages do you think it has?,There are individual instances where the response was not output in Chinese.
exp006,exp,ai_teaching_assistant,响应速度慢,difficulty,Did you have difficulties when using the Al Teaching Assistant Module?What disadvantages do you think it has?,It's a big laggy.
exp0013,exp,ai_teaching_assistant,,difficulty,Did you have difficulties when using the Al Teaching Assistant Module?What disadvantages do you think it has?,No difficulties were encountered.
baseline003,baseline,ai_teaching_assistant,,suggestion,What suggestions do you have to improve the  Al Teaching Assistant Module?  ,"I hope to have direct functionality so that he can read the code and test results in the compiler without me having to manually copy them. It would be best to switch modes between the teaching assistant and the code assistant. When changing the code, I don't need him to guide me slowly. I hope he can immediately point out the problem and tell me the solution"
baseline001,baseline,ai_teaching_assistant,,suggestion,What suggestions do you have to improve the  Al Teaching Assistant Module?  ,"I hope he can know the content in my web page, such as being able to see my code like a cursor, or being able to see my current test questions and results, or giving me a button so I can one-click share the information with AI."
exp004,exp,ai_teaching_assistant,流式输出,suggestion,What suggestions do you have to improve the  Al Teaching Assistant Module?  ,"I think the AI teaching assistant module could be improved in terms of its output method. Currently, it delivers responses in entire paragraphs at once. I believe it could adopt a streaming output approach instead."
exp003,exp,ai_teaching_assistant,,suggestion,What suggestions do you have to improve the  Al Teaching Assistant Module?  ,No
baseline007,baseline,ai_teaching_assistant,,suggestion,What suggestions do you have to improve the  Al Teaching Assistant Module?  ,Optimize AI's response speed and feedback。Optimize code correction speed.Optimize AI answer content
baseline008,baseline,ai_teaching_assistant,,suggestion,What suggestions do you have to improve the  Al Teaching Assistant Module?  ,No
baseline009,baseline,ai_teaching_assistant,,suggestion,What suggestions do you have to improve the  Al Teaching Assistant Module?  ,no
baseline004,baseline,ai_teaching_assistant,,suggestion,What suggestions do you have to improve the  Al Teaching Assistant Module?  ,"建议可以折叠,建议代码区块可以一键复制"
baseline005,baseline,ai_teaching_assistant,,suggestion,What suggestions do you have to improve the  Al Teaching Assistant Module?  ,No ideas at the moment
exp009,exp,ai_teaching_assistant,,suggestion,What suggestions do you have to improve the  Al Teaching Assistant Module?  ,"If you can, make it simpler to use like the ""Programming Module""."
exp015,exp,ai_teaching_assistant,上下文记忆,suggestion,What suggestions do you have to improve the  Al Teaching Assistant Module?  ,Improve context awareness: better memory of prior interactions.
exp007,exp,ai_teaching_assistant,,suggestion,What suggestions do you have to improve the  Al Teaching Assistant Module?  ,don't show answer
exp00121,exp,ai_teaching_assistant,,suggestion,What suggestions do you have to improve the  Al Teaching Assistant Module?  ,Optimize loading
exp0010,exp,ai_teaching_assistant,,suggestion,What suggestions do you have to improve the  Al Teaching Assistant Module?  ,Improve response speed
exp0014,exp,ai_teaching_assistant,自适应调整,suggestion,What suggestions do you have to improve the  Al Teaching Assistant Module?  ,"Make the feedback more adaptive by considering the learner’s level, and provide step-by-step examples in addition to general explanations."
baseline0011,baseline,ai_teaching_assistant,,suggestion,What suggestions do you have to improve the  Al Teaching Assistant Module?  ,No
baseline006,baseline,ai_teaching_assistant,,suggestion,What suggestions do you have to improve the  Al Teaching Assistant Module?  ,"No, I don't think there are any flaws"
baseline0013,baseline,ai_teaching_assistant,,suggestion,What suggestions do you have to improve the  Al Teaching Assistant Module?  ,Allow it to access the current learning content.
baseline0010,baseline,ai_teaching_assistant,,suggestion,What suggestions do you have to improve the  Al Teaching Assistant Module?  ,No
exp005,exp,ai_teaching_assistant,,suggestion,What suggestions do you have to improve the  Al Teaching Assistant Module?  ,No
exp006,exp,ai_teaching_assistant,,suggestion,What suggestions do you have to improve the  Al Teaching Assistant Module?  ,Enhance AI self-learning capabilities
exp0013,exp,ai_teaching_assistant,,suggestion,What suggestions do you have to improve the  Al Teaching Assistant Module?  ,I think AI could be more guiding rather than simply providing the answers.
